{"cameraMode":{"drawMode":0,"name":"Shaded","section":"Shading Mode"},"sceneLighting":false,"audioPlay":false,"sceneViewState":{"showFog":true,"showMaterialUpdate":false,"showSkybox":true,"showFlares":true,"showImageEffects":true,"showParticleSystems":true},"in2DMode":false,"pivot":{"x":302.5146179199219,"y":-3.4390792846679689,"z":258.0434875488281},"rotation":{"x":-0.599890410900116,"y":-0.25517916679382326,"z":0.21015149354934693,"w":-0.7286314964294434},"size":14.34610652923584,"orthographic":false}